,no,yes
0,1.1473996e-05,0.9999885
1,0.9715386,0.028461397
2,4.6979167e-05,0.99995303
3,2.809961e-05,0.9999719
4,0.9884401,0.011559915
5,0.002467362,0.99753267
6,0.00042852122,0.9995715
7,0.00040248406,0.9995975
8,0.00068381056,0.9993162
9,0.00086630037,0.9991337
10,0.967765,0.03223501
11,0.00010131227,0.9998987
12,0.93583673,0.06416327
13,0.00038897333,0.999611
14,9.4528095e-06,0.9999905
15,0.00012411772,0.9998759
16,0.04692484,0.9530752
17,0.00051566295,0.99948436
18,0.9997664,0.00023360824
19,0.00034632758,0.9996537
20,0.89178437,0.108215645
21,0.99936587,0.0006341318
22,2.1472411e-05,0.99997854
23,3.9844153e-06,0.999996
24,0.97425985,0.025740175
25,0.8383154,0.16168459
26,0.00014773574,0.99985224
27,0.9997664,0.00023360824
28,0.9983043,0.0016956991
29,0.00023327347,0.9997667
30,8.097589e-05,0.999919
31,0.98392475,0.01607524
32,0.99520737,0.0047926097
33,0.9930165,0.006983532
34,0.0004700036,0.99953
35,0.99612504,0.0038749548
36,0.93512905,0.06487093
37,0.98555577,0.014444241
38,0.0004908368,0.99950916
39,0.00023934068,0.9997607
40,0.9969063,0.0030937146
41,0.0013816915,0.9986183
42,0.15724264,0.84275734
43,0.54709786,0.45290217
44,0.00021293119,0.9997871
45,0.16198894,0.8380111
46,0.000603754,0.99939626
47,0.0016020592,0.99839795
48,0.99943155,0.0005684266
49,0.99020064,0.00979935
50,7.588334e-05,0.9999241
51,0.020954609,0.9790454
52,0.00028750984,0.99971247
53,0.000108745415,0.9998913
54,4.6098416e-05,0.9999539
55,0.8584296,0.14157036
56,0.00012383943,0.99987614
57,1.598526e-06,0.9999984
58,8.095158e-05,0.99991906
59,0.1244506,0.8755494
60,2.6925686e-06,0.9999973
61,0.9189193,0.081080675
62,0.00018234487,0.99981767
63,0.82515866,0.17484133
64,0.00017766397,0.9998223
65,0.9811211,0.018878903
66,3.6368422e-06,0.99999636
67,0.9582305,0.04176953
68,0.00024157621,0.9997584
69,0.014022615,0.9859774
70,0.00114092,0.9988591
71,0.7860813,0.21391869
72,0.9963856,0.0036144159
73,0.9833931,0.016606916
74,1.1780272e-05,0.9999882
75,0.0015198174,0.9984802
76,0.95130366,0.048696317
77,0.97289914,0.027100882
78,0.00027432153,0.9997257
79,0.00021137665,0.99978864
80,9.153072e-06,0.9999908
81,0.99164,0.00836003
82,0.00060610083,0.9993939
83,0.9868055,0.01319448
84,0.00075030606,0.9992497
85,0.9362566,0.06374339
86,0.00018774746,0.99981225
87,0.00027033917,0.99972963
88,0.98794526,0.012054722
89,0.005488676,0.9945113
90,0.10810736,0.8918926
91,0.0034881448,0.9965119
92,0.0020427005,0.9979573
93,0.00030438395,0.9996956
94,0.44236976,0.5576302
95,0.9997623,0.00023767742
96,1.0268175e-06,0.999999
97,0.001027084,0.9989729
98,0.996937,0.0030630163
99,0.9914373,0.008562681
100,0.6250594,0.37494054
101,0.9874824,0.012517566
102,0.0006044354,0.99939555
103,0.00015355961,0.99984646
104,0.99541545,0.004584565
105,1.846762e-05,0.9999815
106,0.0025193768,0.99748063
107,2.6173937e-05,0.99997383
108,0.0006416093,0.9993584
109,0.97086865,0.029131323
110,0.0002432862,0.9997567
111,0.9915007,0.0084993085
112,2.7902806e-05,0.9999721
113,0.9751602,0.024839824
114,0.9959998,0.0040002004
115,0.9968308,0.0031692027
116,0.9949175,0.0050824815
117,0.00050052145,0.9994995
118,4.2297037e-05,0.9999577
119,0.003539374,0.9964606
120,0.9960888,0.003911177
121,0.0006434694,0.9993565
122,0.9912822,0.008717748
123,0.9630491,0.036950916
124,1.5119236e-06,0.9999985
125,5.876501e-05,0.99994123
126,0.00039511992,0.9996049
127,0.00044028086,0.9995597
128,0.00019192239,0.9998081
129,0.00055512,0.9994449
130,0.9538652,0.046134856
131,8.905235e-06,0.9999911
132,0.9963058,0.0036941709
133,0.1968812,0.8031188
134,0.0019448727,0.9980551
135,0.20916407,0.7908359
136,2.8733234e-06,0.99999714
137,0.98327726,0.01672271
138,0.0010320854,0.9989679
139,0.0018277498,0.9981722
140,0.0020359908,0.997964
141,0.99974954,0.0002504851
142,0.9974975,0.0025025276
143,0.00013774734,0.99986225
144,0.9972883,0.0027117159
145,0.03694091,0.96305907
146,0.00075847923,0.99924153
147,0.00061730243,0.9993827
148,0.9885989,0.01140109
149,0.0036067925,0.9963932
150,0.000103351755,0.99989665
151,0.9980747,0.0019252698
152,0.99349505,0.0065049753
153,0.9854778,0.014522198
154,0.98866206,0.011337909
155,0.0009733221,0.99902666
156,0.9732181,0.026781945
157,0.00016202232,0.999838
158,0.007346814,0.9926532
159,4.2116367e-06,0.99999577
160,1.0554133e-05,0.99998945
161,0.9954626,0.004537402
162,0.9899011,0.010098863
163,0.00011054791,0.99988943
164,0.9760488,0.023951164
165,0.993316,0.0066840313
166,0.9859031,0.01409691
167,7.995325e-05,0.99992007
168,0.95064485,0.04935515
169,0.00013727503,0.99986273
170,0.9978219,0.002178048
171,0.9921483,0.007851717
172,0.99643517,0.0035648285
173,0.007251551,0.99274844
174,0.9773841,0.022615938
175,0.9948258,0.005174214
176,9.41321e-06,0.9999906
177,0.030461835,0.96953815
178,0.9377943,0.062205672
179,0.9973311,0.0026689083
180,0.9895078,0.01049223
181,0.9882676,0.011732386
182,0.9915972,0.008402848
183,0.0007278964,0.9992721
184,0.99043393,0.009566056
185,0.00032526805,0.99967474
186,1.4835269e-05,0.99998516
187,0.9862293,0.013770728
188,0.9950642,0.0049358187
189,0.68284655,0.31715348
190,0.0013426936,0.9986573
191,0.0027442924,0.9972557
192,0.8919293,0.10807069
193,7.6225397e-06,0.9999924
194,0.10876578,0.8912342
195,0.0001164155,0.9998836
196,0.0004938045,0.9995062
197,0.97313195,0.026868027
198,0.7934326,0.20656738
199,0.99834555,0.0016544595
200,0.9958921,0.004107904
201,0.97573227,0.024267705
202,5.2064383e-06,0.9999948
203,0.96921545,0.030784553
204,0.98909765,0.010902332
205,0.963089,0.036911033
206,0.0064923964,0.9935076
207,0.99320066,0.006799354
208,4.8080263e-05,0.9999519
209,0.9810251,0.018974911
210,0.7745818,0.22541824
211,0.9965193,0.0034806528
212,0.019727048,0.98027295
213,0.1569464,0.8430536
214,0.95111847,0.048881527
215,4.7512176e-06,0.99999523
216,0.9951572,0.0048428075
217,0.99956167,0.00043831728
218,6.498887e-05,0.99993503
219,9.0477755e-05,0.9999095
220,0.99818677,0.0018132464
221,0.7265559,0.27344412
222,5.484448e-07,0.99999946
223,0.00014950018,0.9998505
224,0.9950577,0.0049423194
225,6.4473024e-06,0.99999356
226,0.0032595638,0.99674046
227,0.19815274,0.8018473
228,0.86288315,0.13711682
229,0.82039386,0.17960614
230,0.9950712,0.004928849
231,0.0011630523,0.99883693
232,0.9661027,0.033897277
233,0.005415556,0.99458444
234,0.9785118,0.021488206
235,0.017024454,0.98297554
236,0.000117532356,0.99988246
237,6.553203e-05,0.9999345
238,0.9552952,0.044704784
239,0.75923544,0.24076453
240,0.00015365671,0.99984634
241,3.106138e-09,1.0
242,0.9439017,0.056098275
243,0.997803,0.0021970556
244,0.9928821,0.0071179336
245,0.029148294,0.9708517
246,3.5677644e-05,0.9999643
247,0.0020708758,0.9979291
248,0.99341106,0.006588923
249,0.631903,0.368097
250,0.00027186677,0.99972814
251,5.819653e-06,0.99999416
252,0.00047482873,0.9995252
253,0.9898292,0.0101708
254,0.94951254,0.050487466
255,0.8001812,0.19981879
256,7.211265e-06,0.9999928
257,0.9987634,0.0012366418
258,0.0015445226,0.99845546
259,0.03789427,0.96210575
260,0.00013408666,0.9998659
261,0.9920466,0.007953404
262,0.95950025,0.040499765
263,0.00030985865,0.9996901
264,0.9896975,0.01030246
265,0.986178,0.013822034
266,0.00013371039,0.9998663
267,0.010985456,0.98901457
268,3.832342e-06,0.9999962
269,0.00067565124,0.9993243
270,0.0020182761,0.9979817
271,0.971492,0.028508019
272,6.1916675e-05,0.9999381
273,0.9889889,0.011011125
274,0.9948306,0.0051694107
275,0.03602652,0.96397346
276,0.00054372224,0.9994563
277,0.98915607,0.010843951
278,6.415855e-05,0.99993587
279,0.0006422198,0.99935776
280,4.8513106e-05,0.9999515
281,0.00013359048,0.9998664
282,2.2316177e-05,0.9999777
283,2.0220486e-05,0.9999798
284,0.99873877,0.0012612273
285,3.1297215e-05,0.9999687
286,0.99640524,0.0035947536
287,0.99890435,0.0010956535
288,0.452065,0.547935
289,5.7867346e-05,0.9999421
290,0.9044245,0.09557551
291,7.972233e-05,0.99992025
292,0.0010839972,0.99891603
293,0.9978858,0.002114194
294,9.790838e-06,0.9999902
295,0.9964079,0.0035920867
296,0.0007995505,0.99920046
297,1.9094618e-05,0.9999809
298,0.9908604,0.009139593
299,0.00019016294,0.99980986
300,0.9859189,0.01408112
301,0.991244,0.008755994
302,6.251925e-05,0.9999375
303,0.99936587,0.0006341318
304,0.00030005115,0.99969995
305,0.0005711004,0.9994289
306,0.0008568293,0.9991432
307,0.99232846,0.007671546
308,0.5103086,0.48969132
309,0.8239641,0.1760359
310,0.000978474,0.99902153
311,0.0007390181,0.99926096
312,0.0025002442,0.99749976
313,0.6894539,0.31054607
314,0.92732716,0.072672814
315,0.99388665,0.006113326
316,2.053276e-05,0.9999795
317,2.5503685e-05,0.9999745
318,0.00034174856,0.9996582
319,0.9989746,0.0010253706
320,0.00060196617,0.99939805
321,0.99024725,0.009752742
322,1.3261644e-05,0.99998677
323,0.9846076,0.015392403
324,0.0010773881,0.9989226
325,0.9604743,0.039525706
326,1.423949e-05,0.99998575
327,0.03841744,0.96158254
328,0.9837336,0.016266417
329,0.00012357003,0.99987644
330,3.0832412e-05,0.9999692
331,0.037745874,0.9622541
332,0.9968197,0.0031803485
333,3.0705418e-05,0.9999693
334,7.203968e-05,0.99992794
335,0.00474716,0.99525285
336,0.92075485,0.07924514
337,0.14741147,0.85258853
338,0.8326362,0.16736385
339,1.1215304e-06,0.99999887
340,0.00024135357,0.99975866
341,0.95497596,0.04502403
342,0.8553131,0.14468691
343,9.2468385e-05,0.99990755
344,0.98423713,0.015762886
345,0.9469221,0.053077865
346,0.005845226,0.99415475
347,0.0004680369,0.999532
348,0.91905355,0.08094642
349,0.00016886902,0.99983114
350,0.9990186,0.0009813794
351,0.6464576,0.35354242
352,0.99705577,0.00294426
353,1.661603e-05,0.9999834
354,0.0009095845,0.99909043
355,0.99565715,0.004342881
356,0.99530166,0.004698366
357,0.9165647,0.083435304
358,0.98418,0.015820025
359,0.00013195752,0.99986804
360,4.8519443e-05,0.9999515
361,0.9823513,0.017648678
362,0.001298005,0.998702
363,0.99314183,0.006858186
364,0.0013108499,0.9986892
365,0.9383534,0.061646562
366,0.9542467,0.045753304
367,0.00011337062,0.99988663
368,8.461614e-06,0.99999154
369,0.3313387,0.6686613
370,0.9962147,0.0037853173
371,0.96251243,0.037487563
372,0.99780923,0.0021907883
373,0.0005711104,0.99942887
374,0.96944976,0.030550214
375,0.9299063,0.0700937
376,1.1919099e-05,0.9999881
377,0.000109609195,0.9998904
378,3.853529e-05,0.99996144
379,0.98415864,0.015841344
380,0.97576857,0.024231443
381,0.003747697,0.9962523
382,0.00033917744,0.99966085
383,0.9634052,0.03659481
384,0.98375565,0.016244326
385,0.0003393186,0.9996607
386,0.00038789562,0.9996121
387,0.9376415,0.062358476
388,0.00091802474,0.99908197
389,0.9979909,0.0020090844
390,0.18762317,0.8123768
391,0.00012405383,0.99987596
392,0.99654883,0.0034511643
393,0.99621564,0.003784332
394,1.801782e-05,0.999982
395,0.90702873,0.092971236
396,0.006228342,0.9937717
397,0.6707717,0.3292283
398,0.998567,0.0014330142
399,0.66519976,0.33480024
400,0.5652614,0.43473852
401,9.567595e-05,0.99990433
402,0.9629203,0.037079662
403,0.98845977,0.011540252
404,0.033432737,0.9665673
405,6.910352e-05,0.9999309
406,0.05485423,0.9451458
407,8.463769e-06,0.99999154
408,0.96545726,0.034542747
409,0.9997611,0.00023891524
410,0.99007064,0.009929347
411,0.52309144,0.47690853
412,0.99606097,0.003939037
413,3.42646e-05,0.9999657
414,0.0003078663,0.99969214
415,0.025864217,0.97413576
416,0.98735535,0.012644651
417,0.031178048,0.96882194
418,0.8442125,0.15578753
419,0.0050636125,0.9949364
420,5.3852116e-05,0.9999462
421,0.9997358,0.00026419957
422,0.022745384,0.9772546
423,0.004517682,0.9954823
424,0.9789151,0.02108488
425,6.5378605e-05,0.9999346
426,0.9946386,0.0053613507
427,0.981971,0.018029002
428,7.8957277e-07,0.9999992
429,0.99735,0.0026500002
430,0.974571,0.025428986
431,0.0010690438,0.99893093
432,0.9319201,0.06807989
433,0.7746578,0.22534224
434,0.9916497,0.008350288
435,6.886038e-05,0.99993116
436,0.9092448,0.09075524
437,0.9963409,0.0036591059
438,0.0007523814,0.9992476
439,0.0006819889,0.999318
440,0.95220804,0.047791954
441,0.99399555,0.0060044695
442,0.00224038,0.99775964
443,3.7924678e-05,0.9999621
444,0.99870867,0.0012913358
445,0.0009492153,0.9990508
446,0.05015097,0.949849
447,1.6765898e-07,0.9999998
448,0.99675316,0.0032468617
449,0.0006961115,0.9993039
450,0.88894975,0.11105028
451,3.0247871e-05,0.9999698
452,0.9682427,0.03175731
453,0.9947332,0.0052667595
454,0.98273164,0.017268345
455,0.99751645,0.0024835619
456,0.98685175,0.013148226
457,0.010468281,0.9895317
458,0.00019285867,0.9998071
459,0.0018326472,0.99816734
460,0.04113796,0.95886207
461,0.0006129988,0.999387
462,8.522045e-05,0.99991477
463,7.655208e-05,0.99992347
464,0.7166341,0.2833659
465,0.9923789,0.0076211346
466,3.830902e-06,0.9999962
467,1.0544616e-05,0.99998945
468,2.5053621e-05,0.99997497
469,0.99958664,0.0004133683
470,0.95131266,0.048687324
471,0.9981478,0.0018522367
472,5.2587442e-05,0.9999474
473,0.9928574,0.0071425796
474,0.99740094,0.0025990633
475,0.79429525,0.20570475
476,5.487875e-05,0.9999451
477,0.007239169,0.99276084
478,0.99973965,0.00026038275
479,0.00010934414,0.9998907
480,0.99932194,0.00067803275
481,0.99301445,0.0069855563
482,0.0045164935,0.9954835
483,0.00085656065,0.9991434
484,0.0036528509,0.9963471
485,8.981507e-05,0.9999102
486,0.0016542752,0.99834573
487,0.98924226,0.010757771
488,0.9723104,0.02768955
489,0.9977605,0.002239539
490,5.246197e-05,0.99994755
491,0.0055075814,0.9944924
492,0.9937834,0.006216601
493,7.729891e-05,0.9999227
494,5.7577592e-05,0.9999424
495,0.98253584,0.017464146
496,0.00015413099,0.99984586
497,0.000120751734,0.99987924
498,0.001034928,0.9989651
499,0.96786636,0.032133657
500,0.00014824657,0.99985176
501,0.00015652708,0.9998435
502,0.06404665,0.9359533
503,0.9881155,0.011884538
504,0.017418116,0.9825819
505,0.9996529,0.00034706958
506,0.8938814,0.1061186
507,0.98737454,0.0126254605
508,0.98966837,0.010331633
509,8.532933e-05,0.99991465
510,0.99974954,0.0002504851
511,0.9899475,0.010052473
512,7.4946714e-05,0.9999251
513,0.00034349153,0.9996565
514,6.174551e-05,0.99993825
515,0.9876991,0.01230088
516,0.00015676397,0.99984324
517,0.00097344496,0.99902654
518,0.9934141,0.0065858955
519,0.9735965,0.026403481
520,0.0015143869,0.9984856
521,0.979942,0.02005799
522,4.639227e-06,0.99999535
523,0.0003096071,0.9996904
524,0.00013654397,0.99986345
525,0.9575858,0.04241419
526,0.50868034,0.4913196
527,9.386388e-06,0.99999064
528,0.9980549,0.0019450985
529,1.0298132e-05,0.9999897
530,0.9773616,0.022638408
531,0.9987138,0.0012862227
532,0.0007021269,0.99929786
533,0.9885011,0.011498921
534,0.90423155,0.09576847
535,0.11273954,0.88726044
536,0.9852335,0.01476654
537,0.98605365,0.013946383
538,0.9908075,0.009192504
539,0.0007777469,0.9992223
540,0.4578942,0.54210573
541,0.98167115,0.018328866
542,0.99326146,0.0067385137
543,0.00029384872,0.99970615
544,0.99930274,0.0006972629
545,0.99438316,0.0056168716
546,0.00063933793,0.9993607
547,0.876604,0.12339594
548,0.72231907,0.27768093
549,5.999739e-05,0.99994
550,0.9904286,0.009571344
551,3.8844963e-05,0.99996114
552,0.0008741769,0.99912584
553,8.241075e-05,0.99991757
554,0.9489071,0.05109292
555,0.933841,0.066159025
556,0.98189336,0.018106638
557,0.22577974,0.7742203
558,0.9804054,0.019594619
559,0.0029784262,0.99702156
560,0.9760289,0.023971103
561,0.8169859,0.18301411
562,0.91618717,0.08381282
563,0.8305874,0.16941263
564,0.0038810058,0.996119
565,0.9965615,0.0034384467
566,5.7388796e-05,0.9999426
567,0.9947801,0.005219873
568,0.99166787,0.00833213
569,0.9995836,0.00041639028
570,0.00016150206,0.9998385
571,1.4251255e-05,0.99998575
572,0.9829115,0.01708848
573,0.9876057,0.012394322
574,0.0103513105,0.9896487
575,0.97186404,0.028135948
576,0.988767,0.011232977
577,0.111943714,0.8880563
578,0.98333424,0.016665742
579,0.99750715,0.002492857
580,0.0011020887,0.9988979
581,4.7095167e-05,0.9999529
582,0.9993012,0.00069880084
583,0.98669565,0.01330435
584,0.97763604,0.022363983
585,0.98866886,0.01133115
586,0.8305807,0.16941926
587,0.9944264,0.0055735465
588,3.1856307e-05,0.9999682
589,0.9973234,0.0026765855
590,0.9793572,0.020642826
591,0.0019598643,0.99804014
592,3.2684497e-05,0.99996734
593,0.00016028609,0.9998397
594,0.0026959903,0.997304
595,0.98585826,0.014141739
596,0.99111927,0.008880731
597,0.9452921,0.0547079
598,0.0020485374,0.99795145
599,0.9857259,0.014274116
600,0.98993486,0.010065132
601,7.782441e-05,0.99992216
602,0.00028001095,0.99972
603,0.99271846,0.0072815595
604,0.9895675,0.010432506
605,0.75420463,0.24579537
606,0.97128665,0.028713368
607,0.9987123,0.0012876985
608,0.998538,0.0014619686
609,0.00033459582,0.9996654
610,0.036164194,0.96383584
611,0.0003712304,0.9996288
612,3.8258073e-05,0.99996173
613,0.9753488,0.024651213
614,0.9953121,0.004687926
615,0.99559355,0.004406438
616,7.4370684e-05,0.9999256
617,0.9882155,0.011784494
618,0.9974666,0.0025333816
619,0.0006337971,0.9993662
620,0.78045857,0.21954145
621,0.97403383,0.02596619
622,0.0005569917,0.999443
623,0.00012694785,0.99987304
624,0.0020845018,0.9979155
625,4.9640108e-05,0.99995035
626,0.000317738,0.99968225
627,0.9951195,0.0048805103
628,0.9985621,0.0014379218
629,0.00010584438,0.99989414
630,0.00092345115,0.99907655
631,0.99723077,0.0027692255
632,6.119075e-05,0.9999388
633,0.9896565,0.010343517
634,0.972202,0.02779802
635,0.0004164383,0.99958354
636,0.99930274,0.0006972629
637,2.6334728e-05,0.99997365
638,0.99794346,0.0020565535
639,0.9960306,0.0039693974
640,0.32915643,0.67084354
641,0.00052409334,0.9994759
642,0.9972517,0.0027483369
643,5.876198e-08,0.99999994
644,0.9314786,0.06852136
645,0.97414386,0.025856152
646,0.0003650502,0.9996349
647,0.9951244,0.0048756097
648,0.61002475,0.38997522
649,0.0006914697,0.9993085
650,1.4055865e-05,0.99998593
651,0.98402554,0.015974436
652,0.00018653073,0.9998135
653,0.7595915,0.24040848
654,0.0028139,0.9971861
655,4.098301e-06,0.9999959
656,0.00028922263,0.9997108
657,0.0025013804,0.99749863
658,0.9578677,0.042132292
659,0.0008436494,0.99915636
660,0.98960406,0.010395915
661,0.9524082,0.047591828
662,0.0020863952,0.9979136
663,0.97790104,0.02209898
664,0.75139797,0.24860206
665,3.7387326e-05,0.9999626
666,1.3671013e-05,0.99998635
667,0.022993369,0.9770066
668,1.3241083e-06,0.9999987
669,0.9708543,0.029145723
670,0.001350239,0.9986498
671,0.08437111,0.9156289
672,0.0070003737,0.9929996
673,0.8732108,0.12678921
674,0.9802993,0.019700691
675,6.058302e-05,0.99993944
676,0.00063502387,0.999365
677,0.9844573,0.0155427
678,0.9801544,0.019845594
679,0.99069905,0.009300935
680,0.00013079785,0.9998692
681,0.9923947,0.0076053115
682,9.084024e-05,0.99990916
683,3.869172e-05,0.9999613
684,0.0005564791,0.99944353
685,0.00020507649,0.9997949
686,0.0016125139,0.9983875
687,0.00018312492,0.9998169
688,0.9981575,0.001842497
689,7.36898e-05,0.9999263
690,0.98215276,0.017847225
691,0.8918088,0.108191185
692,1.2329352e-06,0.99999875
693,0.00011769745,0.9998823
694,0.99786454,0.0021354295
695,0.0021953022,0.9978047
696,1.1626308e-05,0.9999884
697,0.97305495,0.026945027
698,0.964535,0.035464983
699,0.84449184,0.15550818
700,0.0006529618,0.99934703
701,0.99164814,0.008351856
702,0.9409156,0.059084393
703,0.9966469,0.0033531378
704,0.00013574725,0.9998643
705,9.512767e-06,0.99999046
706,1.5945072e-05,0.999984
707,0.9528938,0.047106232
708,0.7969828,0.20301718
709,0.00019051158,0.9998095
710,0.99362296,0.00637702
711,0.98710495,0.0128950225
712,0.00038099708,0.999619
713,4.003441e-06,0.999996
714,0.98557585,0.014424162
715,0.05773156,0.94226843
716,0.99288327,0.007116717
717,0.78749967,0.21250035
718,0.9924863,0.007513692
719,0.0003545947,0.9996454
720,4.5077686e-05,0.99995494
721,0.9997377,0.0002623246
722,5.19172e-05,0.9999481
723,0.99567044,0.004329586
724,7.4459654e-06,0.99999255
725,0.0005778623,0.99942213
726,0.9847047,0.015295348
727,0.69643027,0.30356976
728,0.0008716804,0.99912834
729,0.0061848075,0.9938152
730,0.92816514,0.071834855
731,0.9997377,0.0002623246
732,2.0155434e-05,0.99997985
733,0.9824559,0.017544102
734,0.9412305,0.05876954
735,0.99651617,0.0034838447
736,0.9928197,0.0071803005
737,8.181713e-05,0.99991816
738,0.0014533624,0.99854666
739,0.99686235,0.003137637
740,0.0004421487,0.99955785
741,0.993368,0.006631943
742,0.28523785,0.71476215
743,0.92631215,0.073687874
744,0.9901676,0.009832372
745,0.99860984,0.001390158
746,0.654926,0.34507403
747,7.738485e-07,0.9999992
748,1.29513055e-05,0.99998707
749,0.00090867584,0.9990913
750,0.9669627,0.033037335
751,0.9853142,0.014685814
752,0.99741,0.002590006
753,5.910025e-06,0.9999941
754,0.0005728684,0.99942714
755,0.96094465,0.039055333
756,0.946031,0.053969007
757,0.9915453,0.008454689
758,2.3988026e-05,0.99997604
759,0.5298263,0.47017375
760,0.0019828132,0.9980172
761,0.00036477693,0.9996352
762,7.8981675e-06,0.9999921
763,0.9972664,0.002733594
764,0.98140395,0.018596077
765,0.9433871,0.056612886
766,1.4215637e-05,0.9999858
767,9.868346e-05,0.9999013
768,0.0036215961,0.9963784
769,0.014195535,0.98580444
770,0.9972234,0.0027766186
771,0.0002548589,0.99974513
772,0.29744062,0.70255935
773,0.00013828851,0.9998617
774,0.98723507,0.012764955
775,1.5506232e-05,0.9999845
776,0.9995738,0.0004261902
777,0.96933216,0.030667821
778,0.7535488,0.24645121
779,0.9961789,0.0038210733
780,0.9922299,0.007770118
781,0.00046167342,0.9995383
782,6.056038e-05,0.99993944
783,0.0021610095,0.997839
784,2.9918558e-05,0.9999701
785,3.406225e-05,0.99996597
786,2.4127103e-05,0.99997586
787,0.12292393,0.8770761
788,0.9915135,0.008486511
789,0.0004455228,0.99955446
790,0.00086721877,0.99913275
791,0.9594202,0.04057982
792,0.00048198638,0.99951804
793,0.99768305,0.002316964
794,5.801161e-05,0.999942
795,0.9868557,0.013144304
796,0.0011193617,0.9988806
797,0.9860067,0.013993319
798,0.99907064,0.00092936016
799,0.9883611,0.0116389
800,0.9977375,0.0022624505
801,0.9999186,8.1397986e-05
802,0.00019589702,0.9998041
803,0.98068196,0.01931802
804,0.9988913,0.0011086932
805,0.9948339,0.005166116
806,0.00012099805,0.999879
807,7.92008e-06,0.9999921
808,0.98262364,0.017376358
809,4.165688e-05,0.99995834
810,0.00012463018,0.99987537
811,0.0061455113,0.99385446
812,0.00010554857,0.99989444
813,0.0011338817,0.99886614
814,0.99711376,0.002886261
815,0.001700873,0.9982991
816,0.00037614343,0.99962384
817,9.255589e-05,0.99990743
818,0.9702249,0.029775085
819,0.0047789537,0.995221
820,8.159188e-05,0.9999184
821,0.99758494,0.0024150675
822,0.8688559,0.1311441
823,0.99532014,0.0046798363
824,0.0003198601,0.99968016
825,0.9881293,0.01187067
826,3.8118516e-05,0.99996185
827,0.9780367,0.02196329
828,0.0003113241,0.9996887
829,0.9945714,0.0054286267
830,0.98806584,0.011934134
831,3.3437456e-05,0.99996656
832,0.0032513647,0.9967486
833,0.9939699,0.0060300715
834,0.923125,0.07687497
835,0.9919408,0.008059208
836,0.9994077,0.00059227657
837,0.00023985445,0.99976015
838,0.8940209,0.10597909
839,1.1997858e-05,0.999988
840,0.99978256,0.00021744198
841,0.0009890976,0.9990109
842,0.0009629444,0.999037
843,0.8230781,0.17692189
844,2.451734e-06,0.99999756
845,0.00063005486,0.9993699
846,0.009372075,0.99062794
847,0.99883115,0.0011688359
848,0.0012582396,0.99874175
849,0.983722,0.016278049
850,0.00022354847,0.9997764
851,0.0007078309,0.9992922
852,0.98841786,0.011582132
853,0.000816675,0.9991833
854,0.00041006383,0.9995899
855,0.9918573,0.00814272
856,5.468483e-05,0.99994534
857,0.99504715,0.004952846
858,0.8053964,0.19460364
859,1.678469e-05,0.9999832
860,0.006279896,0.9937201
861,0.98078394,0.019216053
862,0.975755,0.024245022
863,1.5050561e-05,0.9999849
864,5.1725456e-05,0.99994826
865,0.9976471,0.0023528656
866,0.9997449,0.0002550898
867,4.6034544e-05,0.999954
868,6.599215e-05,0.999934
869,0.0008829836,0.999117
870,0.99546605,0.004533966
871,0.0007107804,0.9992892
872,0.00043670158,0.9995633
873,0.0142164035,0.9857836
874,0.9916561,0.008343867
875,0.0024562003,0.9975438
876,0.00020544973,0.99979454
877,0.9989787,0.0010213046
878,0.9483287,0.05167135
879,0.6507013,0.34929875
880,0.00049278606,0.9995072
881,0.0010896801,0.9989103
882,0.034891643,0.96510834
883,0.24981996,0.75018
884,0.9965743,0.003425747
885,0.9980838,0.001916211
886,0.98343575,0.016564274
887,0.0007619852,0.999238
888,0.004181557,0.99581844
889,0.00091519253,0.99908483
890,0.00060938566,0.9993906
891,0.5993281,0.40067193
892,0.9927609,0.0072391247
893,0.9890091,0.010990922
894,2.3491022e-05,0.9999765
895,0.9997449,0.0002550898
896,0.9886441,0.011355861
897,0.997046,0.0029539848
898,0.0036656554,0.9963344
899,0.0003538818,0.9996461
900,0.00010029806,0.9998997
901,0.99931216,0.0006878564
902,0.27999085,0.72000915
903,1.3116797e-05,0.9999869
904,1.2943773e-05,0.99998707
905,0.0035492089,0.9964508
906,0.95763344,0.042366542
907,0.00075493427,0.99924505
908,0.000390438,0.9996096
909,5.1884754e-06,0.9999948
910,0.00010922585,0.99989074
911,0.85027486,0.14972512
912,0.012786347,0.9872137
913,0.93408406,0.06591595
914,0.0004022988,0.9995977
915,0.9687634,0.031236595
916,0.0008163464,0.99918365
917,0.0003171122,0.9996829
918,0.05390353,0.9460965
919,0.98244655,0.017553449
920,0.93691236,0.06308764
921,0.0056166053,0.9943834
922,5.2303418e-05,0.99994767
923,2.512054e-06,0.9999975
924,0.99572396,0.0042760335
925,0.7863211,0.21367887
926,0.9996318,0.00036820455
927,0.9962865,0.0037134644
928,0.9684096,0.031590372
929,0.0010880729,0.9989119
930,4.804827e-05,0.99995196
931,3.4608934e-06,0.99999654
932,0.00036477935,0.9996352
933,1.3467913e-05,0.9999865
934,0.0011031287,0.9988969
935,0.9812455,0.018754503
936,5.0644667e-05,0.99994934
937,0.9855554,0.014444566
938,0.9706109,0.02938906
939,0.9689956,0.031004442
940,0.9822996,0.017700365
941,0.997871,0.0021290258
942,0.99934924,0.0006507874
943,0.00017555767,0.99982446
944,0.0005569583,0.99944305
945,0.99871904,0.0012809626
946,0.8489814,0.15101862
947,0.98895234,0.01104769
948,0.00022794506,0.9997721
949,3.9188948e-05,0.99996084
950,0.00033180902,0.9996682
951,0.00013711635,0.9998629
952,0.49548408,0.5045159
953,0.09460114,0.90539885
954,0.933832,0.06616803
955,0.9987723,0.0012277056
956,0.99858713,0.0014128468
957,0.00025199298,0.999748
958,4.5061268e-05,0.99995494
959,0.0002715903,0.9997284
960,1.8490406e-05,0.9999815
961,0.9920563,0.007943674
962,0.00065043266,0.9993496
963,0.9992002,0.0007997551
964,0.98702174,0.012978276
965,1.8909761e-05,0.9999811
966,0.8900594,0.10994058
967,0.00033983754,0.99966013
968,0.00035183365,0.99964815
969,0.0007547192,0.9992453
970,0.00027768817,0.9997223
971,0.00021351916,0.9997865
972,0.00014214368,0.99985784
973,9.109189e-05,0.9999089
974,0.123607345,0.87639266
975,0.0001536157,0.9998464
976,0.0014543862,0.9985456
977,0.0004698298,0.9995302
978,0.98101026,0.01898974
979,0.72428566,0.27571434
980,0.99334264,0.0066573354
981,0.9989836,0.0010163941
982,1.275956e-06,0.99999875
983,7.80861e-06,0.9999922
984,0.989868,0.010132029
985,0.0006271367,0.99937284
986,0.99933636,0.00066365185
987,0.99337,0.0066299923
988,0.0007352109,0.9992648
989,0.99382454,0.0061754533
990,0.99933636,0.00066365185
991,3.2604216e-06,0.9999967
992,0.001100115,0.9988999
993,0.9614028,0.038597252
994,0.00011223325,0.99988776
995,2.5572574e-06,0.99999744
996,5.7545094e-05,0.9999425
997,1.800947e-05,0.999982
998,0.0005669819,0.99943304
999,0.02087436,0.9791256
1000,0.00014049605,0.9998595
1001,8.454837e-05,0.9999155
1002,0.06619612,0.93380386
1003,0.00038957212,0.9996104
1004,0.00041712544,0.9995829
1005,2.525953e-05,0.9999747
1006,9.387624e-06,0.99999064
1007,0.98747075,0.012529229
1008,0.97818154,0.021818474
1009,0.99980736,0.0001926161
1010,0.00012790656,0.9998721
1011,0.81950897,0.18049102
1012,0.9994639,0.000536085
1013,0.99704564,0.0029543766
1014,0.00010720716,0.9998928
1015,0.0012138914,0.9987861
1016,0.0016707462,0.9983293
1017,0.9781043,0.021895682
1018,0.010378161,0.9896218
1019,6.66258e-05,0.99993336
1020,0.23557512,0.76442486
1021,0.99793446,0.0020655468
1022,9.571318e-05,0.9999043
1023,0.9981259,0.0018741159
1024,0.97315943,0.026840538
1025,1.3535877e-06,0.9999986
1026,0.994901,0.0050990055
1027,0.0001663313,0.99983364
1028,0.00026803347,0.99973196
1029,0.9994639,0.000536085
1030,0.0001618341,0.9998382
1031,0.0003781459,0.99962187
1032,0.02395918,0.97604084
1033,0.0014402809,0.9985597
1034,0.98751533,0.012484654
1035,0.9994639,0.000536085
1036,0.92204255,0.07795745
1037,0.9954593,0.0045407005
1038,0.0005738633,0.9994261
1039,0.9994639,0.000536085
1040,0.0022416904,0.9977583
1041,3.904719e-05,0.99996096
1042,0.00012710072,0.9998729
1043,0.992894,0.007105997
1044,0.99924535,0.0007546365
1045,0.97122484,0.02877515
1046,0.00026717898,0.9997328
1047,0.0145087475,0.9854913
1048,0.96280944,0.03719053
1049,0.0008339726,0.999166
1050,0.9755063,0.024493711
1051,0.0010973639,0.9989026
1052,0.9975776,0.0024223917
1053,0.98609316,0.013906824
1054,0.00023106784,0.9997689
1055,3.8875137e-07,0.9999996
1056,0.000289157,0.99971086
1057,1.9027106e-05,0.999981
1058,0.74721575,0.25278428
1059,0.9716937,0.028306322
1060,4.053315e-05,0.99995947
1061,0.99777114,0.0022288617
1062,0.9973243,0.0026756895
1063,0.97915524,0.020844745
1064,0.83298993,0.16701004
1065,0.96684706,0.033152968
1066,0.99872774,0.0012722384
1067,0.9807714,0.01922856
1068,0.0025534907,0.99744654
1069,0.00023746201,0.99976254
1070,7.805317e-05,0.9999219
1071,0.99894214,0.0010578714
1072,0.9944987,0.005501259
1073,0.0006875418,0.99931246
1074,0.998364,0.0016360413
1075,0.0016801272,0.99831986
1076,0.9986074,0.00139263
1077,5.2286065e-05,0.9999477
1078,0.96892464,0.031075343
1079,0.9715516,0.028448386
1080,0.015096093,0.98490393
1081,0.02586987,0.97413015
1082,0.00015363151,0.99984634
1083,0.00017139675,0.9998286
1084,0.9574384,0.0425616
1085,0.99572927,0.0042707054
1086,6.1421335e-05,0.9999386
1087,0.97732466,0.022675306
1088,0.90888363,0.0911164
1089,0.9997591,0.00024093835
1090,0.99239326,0.0076067224
1091,0.0011200295,0.99887997
1092,0.016481472,0.98351854
1093,0.9997591,0.00024093835
1094,0.9262354,0.07376463
1095,0.4474504,0.5525496
1096,0.0003507494,0.9996492
1097,0.96183825,0.038161747
1098,1.1585273e-06,0.99999887
1099,0.9937868,0.0062132087
1100,0.0003580504,0.99964195
1101,0.99734837,0.002651629
1102,0.99914074,0.00085925014
1103,0.00044977377,0.9995502
1104,0.00016660782,0.9998334
1105,0.99977005,0.0002299325
1106,0.00018500969,0.999815
1107,0.6791713,0.3208287
1108,2.5644644e-07,0.99999976
1109,0.0005064771,0.99949354
1110,0.99977005,0.0002299325
1111,0.0012892546,0.99871075
1112,0.99977005,0.0002299325
1113,6.2670864e-05,0.99993736
1114,0.00024527614,0.9997547
1115,0.9879794,0.012020561
1116,0.9993757,0.00062428846
1117,0.9993757,0.00062428846
1118,0.89857435,0.10142562
1119,0.9960025,0.0039975224
1120,0.95763564,0.042364366
1121,0.32399783,0.6760022
1122,0.00020354881,0.99979645
1123,0.9928629,0.0071370965
1124,7.586199e-05,0.9999241
1125,0.9859937,0.0140063325
1126,0.0034174318,0.99658257
1127,2.2211361e-06,0.9999978
1128,0.00016375206,0.99983627
1129,0.0009565919,0.9990434
1130,0.979115,0.020884996
1131,0.99752724,0.0024727478
1132,0.96843493,0.031565085
1133,0.99036866,0.009631313
1134,0.9412514,0.0587486
1135,0.9969557,0.0030443277
1136,0.9685447,0.031455275
1137,0.0004912258,0.9995088
1138,0.00013120133,0.9998688
1139,0.8959422,0.10405779
1140,0.9804678,0.019532217
1141,0.9963983,0.0036016912
1142,0.98380256,0.016197423
1143,0.91623265,0.08376738
1144,2.763492e-05,0.99997234
1145,0.00046960232,0.9995304
1146,0.9281582,0.071841754
1147,0.99639094,0.0036090638
1148,0.97957224,0.020427791
1149,9.804442e-06,0.9999902
1150,0.0007189517,0.99928105
1151,4.69497e-05,0.99995303
1152,0.98148847,0.018511504
1153,1.7342754e-05,0.99998266
1154,0.99497813,0.0050218743
1155,1.9740191e-06,0.99999803
1156,0.00022797307,0.999772
1157,5.174011e-05,0.99994826
1158,0.000111235444,0.9998888
1159,0.9977716,0.00222836
1160,4.7355155e-05,0.9999527
1161,0.016660994,0.983339
1162,0.0048935353,0.99510646
1163,0.9857325,0.014267522
1164,0.47828668,0.5217133
1165,0.0002352152,0.9997648
1166,2.3695746e-05,0.9999763
1167,0.59466237,0.40533766
1168,0.00046003284,0.99954
1169,0.00020341534,0.99979657
1170,8.406351e-05,0.99991596
1171,3.4673421e-06,0.99999654
1172,0.0059320247,0.99406797
1173,0.9943942,0.0056057926
1174,0.2563915,0.74360853
1175,4.58727e-05,0.9999541
1176,0.9704236,0.029576397
1177,0.99814004,0.0018599888
1178,0.19407837,0.8059216
1179,0.0007749537,0.999225
1180,0.98755157,0.012448428
1181,0.99536043,0.004639595
1182,0.0009848676,0.99901515
1183,0.011894718,0.9881053
1184,0.0021992768,0.9978007
1185,0.99700844,0.0029915757
1186,0.99709255,0.0029074359
1187,0.99429446,0.005705561
1188,0.0008423316,0.99915767
1189,0.9987228,0.0012771788
1190,0.82200074,0.17799923
1191,0.0008528299,0.9991472
1192,0.0010594446,0.9989405
1193,0.00011564907,0.99988437
1194,0.00012131379,0.9998787
1195,0.9995356,0.00046437635
1196,0.00039340171,0.9996066
1197,0.00010550822,0.9998945
1198,0.98906815,0.010931877
1199,0.9618329,0.03816715
1200,4.7969064e-05,0.999952
1201,0.9885531,0.011446907
1202,0.99974835,0.00025165806
1203,0.00029552908,0.9997045
1204,0.0032722715,0.9967277
1205,0.9878314,0.012168566
1206,0.37005073,0.6299493
1207,0.0047173705,0.99528265
1208,0.98837095,0.01162904
1209,0.652516,0.34748396
1210,0.078070685,0.9219293
1211,0.97300476,0.026995244
1212,0.0004896867,0.9995103
1213,0.9943593,0.005640678
1214,0.40535665,0.59464335
1215,0.99211013,0.007889868
1216,0.0010577277,0.99894226
1217,0.99974835,0.00025165806
1218,8.1019774e-05,0.999919
1219,0.95701766,0.042982336
1220,0.00013382647,0.9998662
1221,0.0010341909,0.9989658
1222,0.95383286,0.04616716
1223,0.9751968,0.024803223
1224,7.054557e-06,0.99999297
1225,0.0028366742,0.99716336
1226,0.0036543075,0.9963457
1227,0.9435476,0.056452405
1228,6.518531e-06,0.9999935
1229,0.98375803,0.016241964
1230,1.5285443e-05,0.99998474
1231,0.9841865,0.015813515
1232,0.9888882,0.0111118015
1233,0.9993372,0.00066281366
1234,0.78525907,0.21474095
1235,4.8701086e-06,0.9999951
1236,0.00059057504,0.99940944
1237,0.0007545703,0.9992454
1238,0.0005686737,0.9994313
1239,0.0032305294,0.9967695
1240,0.017382601,0.9826174
1241,0.99974835,0.00025165806
1242,0.08973414,0.91026586
1243,0.0008953375,0.9991047
1244,2.5484198e-06,0.99999744
1245,0.00037863431,0.9996214
1246,0.9789096,0.021090373
1247,0.0013949496,0.9986051
1248,0.9997449,0.0002550898
1249,0.98184144,0.018158568
1250,0.99316835,0.0068316245
1251,0.0005421354,0.99945784
1252,0.99662185,0.00337815
1253,0.9932147,0.006785277
1254,0.98119056,0.018809425
1255,2.0182083e-06,0.999998
1256,2.4558954e-05,0.99997544
1257,1.6750391e-05,0.99998325
1258,1.2872326e-05,0.9999871
1259,0.69060796,0.30939206
1260,0.9997449,0.0002550898
1261,0.00018148695,0.9998185
1262,0.9809035,0.019096466
1263,2.821459e-05,0.9999718
1264,0.016475584,0.98352444
1265,0.23977262,0.7602274
1266,0.96674395,0.033256028
1267,0.9994527,0.0005472714
1268,0.7881343,0.21186575
1269,0.9946328,0.0053672125
1270,9.597786e-05,0.99990404
1271,1.9925446e-05,0.9999801
1272,0.95218587,0.04781414
1273,0.82839334,0.17160669
1274,0.04655154,0.9534485
1275,0.0010070148,0.998993
1276,0.96589535,0.034104615
1277,9.248796e-05,0.9999075
1278,0.9969918,0.0030081978
1279,3.4482422e-05,0.9999655
1280,0.9964314,0.0035686062
1281,9.424183e-05,0.99990577
1282,0.34504798,0.654952
1283,0.9997449,0.0002550898
1284,0.9929823,0.0070176474
1285,0.98173493,0.018265039
1286,0.0007134217,0.9992866
1287,1.5334293e-06,0.99999845
1288,0.0024352784,0.99756473
1289,0.99935037,0.00064961304
1290,0.0014729495,0.99852705
1291,0.9987045,0.0012954941
1292,0.9845066,0.015493418
1293,0.98690003,0.013099948
1294,0.024746615,0.9752534
1295,0.00042519576,0.9995748
1296,0.00016038668,0.9998396
1297,0.00026165292,0.99973834
1298,0.00014633134,0.9998537
1299,0.068742186,0.9312578
1300,2.8337876e-05,0.9999717
1301,0.0022614906,0.9977385
1302,0.00016288248,0.9998371
1303,0.00045608802,0.9995439
1304,0.00022646265,0.99977356
1305,0.94450164,0.055498365
1306,0.2186074,0.7813926
1307,0.0002734006,0.9997266
1308,0.98441803,0.0155819645
1309,0.985788,0.014212021
1310,0.99680203,0.0031979475
1311,0.11010014,0.88989985
1312,0.992197,0.0078030163
1313,0.9950314,0.0049685733
1314,0.99978036,0.00021967212
1315,0.0006074518,0.99939257
1316,0.00054326124,0.99945676
1317,0.9902165,0.009783506
1318,0.0005614753,0.9994385
1319,0.9529926,0.047007408
1320,0.9909697,0.009030272
1321,0.92440933,0.075590655
1322,0.9939309,0.006069103
1323,0.00041616627,0.99958384
1324,0.99988395,0.000116079515
1325,0.99969053,0.000309466
1326,0.9980985,0.0019015354
1327,0.9923193,0.007680692
1328,0.99255633,0.0074436786
1329,0.0014430734,0.9985569
1330,0.9816634,0.01833659
1331,0.99328005,0.0067199427
1332,0.9883029,0.011697088
1333,4.6393334e-06,0.99999535
1334,0.0008327362,0.99916726
1335,0.0009892922,0.9990107
1336,0.00040182317,0.9995982
1337,0.0052902317,0.9947098
1338,0.99781734,0.0021826394
1339,0.9997162,0.0002838
1340,0.000546676,0.9994533
1341,0.348816,0.65118396
1342,0.9786513,0.021348715
1343,0.9881936,0.011806426
1344,0.99933034,0.0006696475
1345,4.0350995e-05,0.99995965
1346,0.0001951221,0.99980485
1347,0.003286883,0.9967131
1348,0.003128368,0.99687165
1349,0.99772406,0.0022759691
1350,0.89055634,0.10944366
1351,0.0016308732,0.9983691
1352,6.4555284e-06,0.99999356
1353,0.00020803558,0.999792
1354,0.9904501,0.009549896
1355,2.2399841e-05,0.9999776
1356,0.00072781317,0.99927217
1357,0.9999076,9.236236e-05
1358,0.99768704,0.002312977
1359,0.99669737,0.0033026547
1360,0.00071523717,0.99928474
1361,0.99442166,0.00557833
1362,3.2238753e-05,0.99996775
1363,0.97893554,0.021064477
1364,0.38317528,0.6168247
1365,0.9973389,0.0026611113
1366,0.9822195,0.0177805
1367,0.96260345,0.03739655
1368,0.0002081425,0.99979186
1369,0.00096566067,0.99903435
1370,4.3803364e-05,0.9999562
1371,0.88518834,0.11481167
1372,0.00013704928,0.99986297
1373,0.9931905,0.0068094498
1374,0.99625516,0.0037448425
1375,0.00015207464,0.99984795
1376,0.9981137,0.0018862932
1377,9.307366e-05,0.9999069
1378,8.493617e-05,0.99991506
1379,0.00052688847,0.9994731
1380,0.9960709,0.0039290553
1381,0.004772173,0.9952278
1382,0.98410463,0.015895363
1383,0.00022397196,0.999776
1384,0.00040452063,0.99959546
1385,1.926532e-06,0.9999981
1386,2.2671303e-07,0.99999976
1387,0.9889296,0.01107037
1388,0.9895838,0.010416234
1389,0.9781596,0.021840395
1390,0.0002523919,0.99974763
1391,0.9797435,0.020256517
1392,0.98615104,0.013848962
1393,0.9971314,0.0028685932
1394,0.9862574,0.013742631
1395,1.0204749e-05,0.9999898
1396,0.0024219078,0.9975781
1397,0.98111075,0.018889247
1398,0.00012806106,0.9998719
1399,0.99676377,0.0032362526
1400,8.566943e-06,0.9999914
1401,0.979748,0.020251986
1402,1.2160242e-06,0.9999988
1403,0.00066905736,0.99933094
1404,0.9891187,0.010881327
1405,0.9888166,0.011183398
1406,2.7337153e-05,0.99997264
1407,0.3744463,0.62555367
1408,0.0001570198,0.999843
1409,0.039363883,0.96063614
1410,0.97726023,0.022739789
1411,0.9873384,0.012661557
1412,0.483242,0.516758
1413,0.00088100194,0.999119
1414,2.4791374e-05,0.9999752
1415,0.008764738,0.99123526
1416,0.0033352817,0.9966647
1417,0.00019970533,0.9998003
1418,5.6487483e-05,0.9999435
1419,0.4487897,0.5512103
1420,0.9941137,0.0058863317
1421,1.4953698e-06,0.9999985
1422,0.007345152,0.99265486
1423,0.00051746157,0.9994825
1424,0.007853652,0.9921464
1425,0.9775194,0.022480607
1426,0.96213824,0.03786174
1427,5.879438e-05,0.99994123
1428,0.99417126,0.0058287396
1429,0.061198436,0.9388016
1430,0.018240314,0.98175967
1431,0.00021514134,0.9997849
1432,1.184725e-05,0.99998814
1433,0.00023005946,0.9997699
1434,1.6231204e-05,0.9999838
1435,2.6629004e-06,0.9999973
1436,0.64212734,0.3578727
1437,0.0001604465,0.99983954
1438,0.9962593,0.0037407174
1439,0.9913583,0.008641736
1440,0.87875265,0.12124736
1441,6.017383e-06,0.999994
1442,0.00029925036,0.9997007
1443,0.003944455,0.99605554
1444,0.00016819249,0.9998318
1445,0.9898972,0.010102816
1446,0.9999939,6.106788e-06
1447,0.3892226,0.6107774
1448,0.9698947,0.030105308
1449,0.99138415,0.0086158365
1450,0.037841532,0.96215844
1451,1.6566459e-05,0.99998343
1452,0.99385995,0.0061400738
1453,0.9991874,0.00081260124
1454,0.11879101,0.881209
1455,0.9974393,0.002560666
1456,0.9981555,0.0018445081
1457,0.007897789,0.9921022
1458,0.99616134,0.0038386472
1459,6.825903e-05,0.99993175
1460,0.41720578,0.58279425
1461,0.99930805,0.00069197494
1462,0.0015255067,0.9984745
1463,0.0002010544,0.99979895
1464,0.6787805,0.32121953
1465,1.1388018e-05,0.9999886
1466,0.9981246,0.0018754079
1467,0.99919957,0.0008004302
1468,0.00030641482,0.9996936
1469,7.5691787e-07,0.9999992
1470,0.98383635,0.016163629
1471,0.00014347806,0.99985653
1472,0.90503865,0.09496132
1473,0.0042249844,0.99577504
1474,0.9313971,0.068602905
1475,0.000115687115,0.9998843
1476,0.85097,0.14903003
1477,0.9542796,0.04572038
1478,0.99974275,0.00025727024
1479,0.99194795,0.008052052
1480,0.99921495,0.0007850377
1481,0.009714364,0.99028563
1482,2.5378786e-05,0.9999746
1483,0.0027956392,0.99720436
1484,0.97825044,0.021749547
1485,0.0005041733,0.9994958
1486,0.9969451,0.0030549034
1487,0.9862103,0.013789722
1488,0.0019923293,0.99800766
1489,0.00011122834,0.9998888
1490,0.00017497674,0.999825
1491,0.991518,0.008481978
1492,0.0003208377,0.99967915
1493,0.99823266,0.0017673656
1494,0.98443824,0.015561739
1495,0.0001540045,0.999846
1496,0.00070239627,0.9992976
1497,0.99814963,0.0018503378
1498,0.024279287,0.9757207
1499,0.007288926,0.99271107
1500,0.00091528316,0.9990847
1501,0.97339046,0.026609555
1502,0.9979044,0.0020955575
1503,0.70295525,0.29704472
1504,0.78669906,0.21330093
1505,0.9878823,0.012117703
1506,0.95974165,0.04025835
1507,0.57918674,0.42081323
1508,0.00047905653,0.99952096
1509,0.00036478371,0.9996352
1510,0.98295987,0.017040158
1511,0.00011093229,0.9998891
1512,0.2972815,0.7027185
1513,0.0020529004,0.9979471
1514,0.1030674,0.8969326
1515,0.0003100212,0.99969
1516,0.8962547,0.103745274
1517,0.8713799,0.12862009
1518,0.99387294,0.00612708
1519,4.758273e-06,0.99999523
1520,0.00030870133,0.9996913
1521,0.8130044,0.18699566
1522,0.00027566229,0.9997243
1523,0.49368122,0.50631875
1524,0.0011542162,0.99884576
1525,0.46099618,0.5390038
1526,0.00011693595,0.99988306
1527,0.99858844,0.0014115813
1528,0.9291157,0.07088427
1529,0.9835212,0.016478768
1530,0.0012469841,0.998753
1531,0.00014476695,0.9998552
1532,0.99057674,0.009423266
1533,0.9734256,0.026574384
1534,0.008337758,0.99166226
1535,0.9963829,0.0036170906
1536,0.0006848162,0.9993152
1537,0.98375213,0.016247863
1538,0.00013944448,0.9998606
1539,0.00016411283,0.9998359
1540,0.0003390672,0.9996609
1541,0.0029352475,0.99706477
1542,0.9245262,0.07547381
1543,0.0001284791,0.9998715
1544,2.5655027e-05,0.99997437
1545,0.99328613,0.0067138374
1546,0.99932474,0.0006752879
1547,0.00012963614,0.99987036
1548,0.99851835,0.0014816363
1549,0.9941223,0.0058776964
1550,0.99707395,0.0029260516
1551,3.3933084e-05,0.9999661
1552,0.99410594,0.005894074
1553,0.12324107,0.87675893
1554,0.89597946,0.104020536
1555,0.00015401289,0.999846
1556,0.9958337,0.0041662958
1557,0.00014828969,0.9998517
1558,0.14031862,0.85968137
1559,2.2352738e-06,0.99999774
1560,0.00070708984,0.9992929
1561,0.0006741169,0.9993259
1562,8.271915e-05,0.99991727
1563,0.058075383,0.94192463
1564,0.9898617,0.010138285
1565,0.0010940899,0.9989059
1566,0.1066786,0.8933214
1567,0.99282706,0.007172918
1568,0.0023195283,0.9976805
1569,0.99583834,0.0041616512
1570,1.4832921e-05,0.99998516
1571,0.9903234,0.009676576
1572,0.9033852,0.09661478
1573,0.016008869,0.98399115
1574,0.72714037,0.27285963
1575,0.99932474,0.0006752879
1576,0.25865823,0.74134177
1577,0.04410992,0.95589006
1578,0.0013376526,0.99866235
1579,0.9982276,0.0017724117
1580,0.9970274,0.0029726094
1581,0.00015512637,0.99984485
1582,0.0035054998,0.9964945
1583,9.3148235e-05,0.99990684
1584,0.9991175,0.0008825311
1585,0.033129416,0.9668706
1586,1.5026749e-06,0.9999985
1587,0.008095664,0.9919043
1588,0.000922588,0.99907744
1589,0.978573,0.021426959
1590,0.98575515,0.014244859
1591,1.8712606e-05,0.9999813
1592,0.00051324954,0.99948674
1593,0.0001650922,0.9998349
1594,0.9937973,0.006202694
1595,0.8645264,0.13547358
1596,9.483637e-06,0.9999905
1597,6.3618645e-05,0.9999364
1598,0.98121583,0.018784158
1599,0.00015516972,0.99984485
1600,0.0066821636,0.99331784
1601,0.9892434,0.010756599
1602,0.9997357,0.00026431167
1603,0.9633401,0.03665992
1604,0.99101686,0.008983136
1605,4.893923e-06,0.9999951
1606,5.187961e-06,0.9999948
1607,0.998097,0.0019030148
1608,0.9614865,0.038513485
1609,0.0006537953,0.9993462
1610,0.00012202626,0.999878
1611,0.9809496,0.01905041
1612,0.9951416,0.004858353
1613,6.0464587e-05,0.99993956
1614,0.9901099,0.009890057
1615,0.15540043,0.8445996
1616,0.10324892,0.8967511
1617,0.00027067238,0.99972934
1618,0.7297547,0.27024528
1619,2.3170722e-05,0.9999768
1620,0.9802323,0.01976773
1621,0.95860875,0.041391265
1622,0.0021494871,0.99785054
1623,0.9972473,0.0027527171
1624,0.9904336,0.0095664365
1625,0.0016228759,0.99837714
1626,0.00049988396,0.9995001
1627,0.8791777,0.12082231
1628,0.00756332,0.9924367
1629,0.0001904273,0.99980956
1630,0.0002704611,0.9997295
1631,0.00709139,0.9929086
1632,0.0011194448,0.99888057
1633,3.5571073e-05,0.9999644
1634,2.4447376e-05,0.99997556
1635,8.109011e-05,0.99991894
1636,0.8378007,0.1621993
1637,0.0006646766,0.99933535
1638,2.7500108e-05,0.9999725
1639,0.99377257,0.006227463
1640,0.0015235455,0.99847645
1641,7.748013e-06,0.99999225
1642,0.98718154,0.012818469
1643,0.027268596,0.9727314
1644,0.00033867097,0.9996613
1645,0.0043842406,0.9956158
1646,0.6071686,0.3928314
1647,0.9867982,0.013201771
1648,0.98235524,0.017644776
1649,0.9727054,0.027294561
1650,0.99819046,0.0018095503
1651,0.8668898,0.13311026
1652,0.00012055258,0.9998794
1653,1.9210445e-06,0.9999981
1654,0.8727903,0.12720975
1655,0.09772827,0.90227175
1656,0.9890855,0.010914495
1657,0.0011009806,0.99889904
1658,0.97722447,0.022775525
1659,0.9974216,0.0025783742
1660,0.9702881,0.029711872
1661,0.9976493,0.002350676
1662,0.99849796,0.0015020159
1663,0.034891643,0.96510834
1664,0.33188754,0.66811246
1665,0.0014541993,0.9985458
1666,0.9568933,0.04310669
1667,0.9974261,0.0025739293
1668,0.9959029,0.0040971227
1669,0.9739981,0.026001845
1670,0.9582132,0.041786786
1671,0.00030916315,0.99969083
1672,0.14064416,0.85935587
1673,0.9649922,0.03500778
1674,0.00073491386,0.9992651
1675,0.97066116,0.02933882
1676,0.9081365,0.09186349
1677,0.9807836,0.019216448
1678,0.14286219,0.8571378
1679,2.212095e-06,0.9999978
1680,0.000104257066,0.99989575
1681,0.00033114507,0.99966884
1682,1.1548866e-05,0.99998844
1683,0.033751696,0.96624833
1684,0.00016919168,0.9998308
1685,0.9899339,0.010066068
1686,1.8466315e-05,0.9999815
1687,0.00020680997,0.9997932
1688,0.00043893652,0.9995611
1689,0.98779166,0.012208352
1690,0.00034182597,0.99965817
1691,0.9756183,0.024381671
1692,0.99953955,0.00046045906
1693,0.00015444141,0.99984556
1694,0.92221713,0.077782854
1695,0.989462,0.010537992
1696,0.98817384,0.011826136
1697,0.00021049354,0.99978954
1698,0.9955584,0.0044416315
1699,0.0072017955,0.9927982
1700,0.0020661633,0.99793386
1701,0.000368207,0.9996318
1702,0.0006922935,0.9993077
1703,0.95502794,0.044972073
1704,0.0023504267,0.99764955
1705,0.000208954,0.999791
1706,0.00025232238,0.9997477
1707,0.9803533,0.019646732
1708,0.9557688,0.04423116
1709,6.894886e-06,0.9999931
1710,0.00033470496,0.9996653
1711,0.00055583555,0.9994442
1712,0.00032254963,0.9996775
1713,0.00041409975,0.9995859
1714,0.00020919701,0.9997908
1715,0.9826883,0.017311683
1716,0.9746894,0.0253106
1717,0.00034160362,0.9996584
1718,0.00038981173,0.9996102
1719,0.00022555953,0.99977446
1720,0.15735407,0.84264594
1721,0.0010173514,0.99898267
1722,0.028953442,0.97104657
1723,0.97957873,0.020421294
1724,9.94992e-05,0.9999005
1725,0.9353555,0.06464452
1726,0.00010815842,0.9998918
1727,0.00019161464,0.9998084
1728,0.0029224812,0.9970775
1729,0.97047603,0.029523948
1730,0.99861395,0.0013860698
1731,0.0002960477,0.99970394
1732,0.00014924593,0.99985075
1733,0.0032493132,0.9967507
1734,0.99924165,0.0007583246
1735,0.0022929735,0.997707
1736,3.3238593e-05,0.99996674
1737,0.9882275,0.011772487
1738,0.00046110034,0.9995389
1739,0.9960072,0.0039928094
1740,0.00011743086,0.9998826
1741,0.99937946,0.0006205379
1742,0.0005168077,0.99948317
1743,4.3473734e-05,0.99995655
1744,0.7406081,0.25939187
1745,0.98552567,0.014474343
1746,0.00080122385,0.9991988
1747,0.0016094545,0.99839056
1748,0.02496839,0.9750316
1749,2.1840529e-07,0.99999976
1750,0.9802776,0.019722428
1751,0.00010330307,0.9998967
1752,0.9951625,0.004837539
1753,0.97344595,0.026554069
1754,1.9140725e-05,0.99998087
1755,0.97600496,0.023995057
1756,0.99845326,0.0015467597
1757,0.00016125878,0.99983877
1758,0.9887663,0.011233687
1759,0.16735002,0.83265
1760,0.9847031,0.0152969
1761,0.32289606,0.67710394
1762,0.98642445,0.013575565
1763,0.0025252,0.9974748
1764,0.63716644,0.36283353
1765,0.00050515967,0.99949485
1766,3.621528e-05,0.99996376
1767,0.9800644,0.019935636
1768,0.75545657,0.24454346
1769,0.0007721938,0.9992278
1770,0.9905381,0.009461896
1771,0.7924666,0.20753345
1772,0.9921976,0.007802455
1773,0.99283373,0.007166248
1774,0.0006293959,0.9993706
1775,0.9997627,0.00023726896
1776,0.0003576744,0.9996423
1777,0.9994151,0.0005849035
1778,0.99985427,0.00014570591
1779,0.001116498,0.9988835
1780,0.99988586,0.00011416614
1781,4.5604193e-05,0.9999544
1782,0.9994616,0.0005384368
1783,0.7959093,0.20409074
1784,0.9777182,0.022281844
1785,0.9927371,0.00726286
1786,0.002759938,0.99724007
1787,0.72759,0.27240995
1788,0.43767467,0.56232536
1789,0.98830736,0.011692663
1790,0.00028191577,0.99971807
1791,9.692556e-05,0.9999031
1792,0.00077946676,0.99922055
1793,0.99748987,0.0025101595
1794,0.000655981,0.999344
1795,0.9378743,0.06212571
1796,0.98015887,0.019841148
1797,2.9798043e-06,0.999997
1798,0.99833447,0.0016655489
1799,0.64541423,0.3545858
1800,0.9994151,0.0005849035
1801,0.9997856,0.00021441435
1802,0.94238245,0.057617534
1803,0.99886847,0.0011315407
1804,4.9166167e-05,0.9999508
1805,0.0072889295,0.99271107
1806,0.00016212756,0.9998379
1807,0.9895907,0.010409277
1808,0.9780062,0.021993829
1809,0.05311524,0.94688475
1810,0.9149434,0.085056625
1811,0.9891845,0.010815474
1812,0.0011963972,0.9988036
1813,0.99393886,0.0060611493
1814,0.00089072774,0.99910927
1815,0.00028884292,0.99971116
1816,0.0012484085,0.9987516
1817,0.8728697,0.12713031
1818,4.7778507e-05,0.9999522
1819,0.000170405,0.9998296
1820,0.00015819604,0.9998418
1821,0.9404687,0.05953124
1822,0.0002849064,0.9997151
1823,0.98739713,0.012602893
1824,0.9573604,0.042639628
1825,0.00023274007,0.99976724
1826,0.99940324,0.0005967421
1827,0.9586726,0.04132741
1828,0.9989455,0.0010545257
1829,0.99286485,0.0071351235
1830,0.7787016,0.22129837
1831,0.003872675,0.9961273
1832,0.0013625051,0.9986375
1833,0.99387896,0.0061210203
1834,0.0006127788,0.9993872
1835,0.70624924,0.2937508
1836,0.99497914,0.0050208354
1837,6.022416e-05,0.9999398
1838,0.000112384885,0.9998876
1839,1.7717655e-05,0.9999823
1840,0.9989598,0.0010402441
1841,0.9692097,0.030790346
1842,2.6461103e-05,0.99997354
1843,0.0006608419,0.99933916
1844,0.9949488,0.0050511695
1845,0.98615205,0.013847966
1846,0.98598063,0.014019344
1847,1.6147187e-05,0.99998385
1848,0.0006087466,0.99939126
1849,9.957228e-05,0.9999004
1850,0.002114057,0.99788594
1851,5.6283905e-05,0.99994373
1852,0.05161879,0.9483812
1853,0.9945691,0.0054308875
1854,2.9933226e-05,0.9999701
1855,0.9785595,0.021440502
1856,0.80034757,0.19965245
1857,0.0005424111,0.9994576
1858,0.84802765,0.15197235
1859,0.9865592,0.013440806
1860,7.470447e-05,0.9999253
1861,0.44504276,0.5549572
1862,0.0022515794,0.99774843
1863,0.9948183,0.0051817526
1864,0.99425346,0.0057465425
1865,0.9980879,0.0019121079
1866,9.428686e-05,0.9999057
1867,0.9892543,0.010745721
1868,0.00062796654,0.999372
1869,0.0017558024,0.9982442
1870,0.007160246,0.99283975
1871,0.00045555795,0.99954444
1872,1.4819828e-05,0.99998516
1873,0.9258555,0.07414448
1874,0.9858076,0.014192379
1875,0.9885078,0.011492191
1876,0.08806394,0.91193604
1877,0.99042046,0.009579519
1878,0.0017010114,0.998299
1879,0.038480606,0.9615194
1880,0.25462547,0.7453745
1881,0.00042004453,0.99957997
1882,0.9834265,0.016573472
1883,0.90875,0.09125003
1884,0.96004266,0.03995732
1885,0.9649765,0.035023488
1886,0.01769946,0.9823005
1887,0.9457905,0.05420949
1888,0.9268403,0.07315971
1889,0.99000835,0.009991647
1890,1.4440104e-05,0.9999856
1891,0.004033066,0.9959669
1892,2.795021e-06,0.9999972
1893,0.47333702,0.526663
1894,5.839241e-05,0.9999416
1895,0.010024345,0.98997563
1896,0.02256911,0.9774309
1897,1.4371235e-06,0.99999857
1898,7.922737e-05,0.9999208
1899,0.9989858,0.0010141515
1900,7.220826e-05,0.9999278
1901,0.93970054,0.060299452
1902,0.96914077,0.030859243
1903,0.92814124,0.07185877
1904,0.992422,0.00757803
1905,0.0016898907,0.9983101
1906,0.9972573,0.0027427243
1907,0.9874274,0.0125726005
1908,0.6892797,0.3107203
1909,4.9937266e-06,0.999995
1910,0.0005415822,0.99945843
1911,0.00034183543,0.99965817
1912,0.11991644,0.88008356
1913,0.00061501155,0.999385
1914,0.0016797307,0.9983203
1915,0.0014247756,0.9985752
1916,2.0666144e-05,0.9999793
1917,0.00081140926,0.9991886
1918,0.8391521,0.16084787
1919,0.00012826783,0.99987173
1920,0.9489548,0.05104517
1921,0.0013098291,0.9986902
1922,0.9542208,0.045779254
1923,0.00012402178,0.99987596
1924,0.04383555,0.9561644
1925,0.0006932317,0.9993068
1926,0.9880036,0.01199641
1927,0.74624276,0.25375724
1928,6.945816e-05,0.99993056
1929,5.5257904e-05,0.99994475
1930,0.9945923,0.0054076747
1931,0.995431,0.0045689796
1932,6.950249e-05,0.9999305
1933,0.99388564,0.0061143576
1934,0.999232,0.00076802616
1935,0.00083484995,0.9991652
1936,0.99671483,0.003285168
1937,0.00039895918,0.99960107
1938,0.00021841483,0.9997816
1939,0.0003905352,0.9996095
1940,0.043248624,0.95675135
1941,0.79773635,0.20226367
1942,0.956105,0.04389501
1943,0.0018348738,0.99816513
1944,0.9460964,0.053903554
1945,0.9992095,0.00079049286
1946,0.94499856,0.055001445
1947,5.6575027e-06,0.99999434
1948,0.6590999,0.3409001
1949,0.9876906,0.012309393
1950,0.9047324,0.0952676
1951,0.7932458,0.20675418
1952,0.0010276067,0.9989724
1953,0.05388347,0.9461165
1954,0.98314565,0.016854353
1955,0.17614676,0.82385325
1956,0.9910433,0.008956643
1957,9.341863e-06,0.99999064
1958,0.91556615,0.08443388
1959,7.5281804e-07,0.9999992
1960,0.05158942,0.9484106
1961,0.00046020237,0.9995398
1962,0.00057151506,0.9994285
1963,0.00030078867,0.99969923
1964,0.9811054,0.018894643
1965,0.9955231,0.0044769347
1966,0.99767375,0.002326277
1967,0.99013484,0.009865173
1968,0.005486516,0.9945135
1969,0.0026375228,0.9973625
1970,0.9843431,0.01565688
1971,0.9993275,0.00067251787
1972,0.80528724,0.19471274
1973,0.9858254,0.014174592
1974,0.00010157548,0.99989843
1975,0.84035265,0.15964735
1976,0.8144676,0.18553242
1977,0.0013719362,0.9986281
1978,0.9981373,0.0018627129
1979,0.14748627,0.85251373
1980,0.35095903,0.64904094
1981,0.0002626199,0.9997374
1982,0.0009777714,0.99902225
1983,0.9993751,0.0006248903
1984,0.0041095978,0.9958904
1985,3.0228868e-05,0.9999698
1986,0.9887795,0.011220485
1987,0.9610459,0.03895411
1988,0.9964118,0.0035881891
1989,0.80763346,0.19236654
1990,0.00020890878,0.9997911
1991,0.24219772,0.7578023
1992,0.00022045537,0.9997795
1993,0.98646086,0.013539121
1994,0.9593156,0.04068441
1995,0.98845863,0.01154134
1996,4.3408032e-05,0.9999566
1997,0.000955925,0.99904406
1998,0.8924445,0.1075555
1999,8.641316e-05,0.9999136
2000,0.97334397,0.026656033
2001,0.96222633,0.037773646
2002,0.9852227,0.014777283
2003,0.0030304429,0.9969696
2004,0.9927527,0.0072473576
2005,0.003219753,0.9967803
2006,0.9914397,0.008560326
2007,0.5768022,0.42319784
2008,0.0007122223,0.9992878
2009,0.00033352128,0.99966645
2010,0.9980661,0.001933869
2011,0.9444253,0.055574697
2012,0.00015891765,0.9998411
2013,0.9710867,0.02891332
2014,3.0023648e-06,0.999997
2015,0.00018329264,0.9998167
2016,0.99966717,0.00033282093
2017,9.4639334e-05,0.99990535
2018,0.0003999483,0.99960005
2019,7.15748e-05,0.9999284
2020,0.001286627,0.9987134
2021,1.532054e-05,0.9999847
2022,0.00015697637,0.999843
2023,0.0010845286,0.9989155
2024,0.0003568005,0.9996432
2025,0.9875997,0.0124003235
2026,0.9693549,0.030645048
2027,0.9675574,0.032442648
2028,0.000110000474,0.99988997
2029,5.7850408e-05,0.9999421
2030,0.9553596,0.044640407
2031,0.0018220831,0.99817795
2032,0.99987626,0.00012375174
2033,0.00018153178,0.99981844
2034,0.9709182,0.029081808
2035,0.9942279,0.005772116
2036,0.99837065,0.0016293499
2037,0.99613386,0.0038661356
2038,0.9929909,0.00700906
2039,0.00028290474,0.9997171
2040,0.0003151781,0.9996848
2041,4.921382e-06,0.99999505
2042,0.9982404,0.0017595816
2043,0.9702729,0.029727109
2044,0.0002246176,0.9997754
2045,0.004605555,0.99539447
2046,3.6855094e-05,0.99996316
2047,0.0021084554,0.99789155
2048,6.6185945e-05,0.99993384
2049,1.1965736e-05,0.999988
2050,0.0016163498,0.99838364
2051,0.0013652561,0.99863476
2052,0.22742715,0.7725729
2053,0.938075,0.06192498
2054,0.00075359875,0.9992464
2055,0.79455924,0.20544079
2056,0.9855809,0.014419078
2057,0.00022018062,0.9997798
2058,7.66201e-07,0.9999992
2059,0.92211133,0.07788867
2060,0.18725142,0.8127486
2061,0.0015324033,0.9984676
2062,0.00059006724,0.9994099
2063,1.6670647e-05,0.9999833
2064,0.0006853254,0.99931467
2065,0.013052363,0.98694766
2066,0.0842837,0.9157163
2067,0.6516702,0.34832978
2068,0.03496312,0.96503687
2069,0.9993193,0.00068066816
2070,0.97641116,0.023588842
2071,0.99503183,0.0049681608
2072,5.5866272e-05,0.99994415
2073,0.9907145,0.009285491
2074,0.9828454,0.017154595
2075,0.99643254,0.0035674584
2076,0.82997495,0.17002507
2077,0.00025790412,0.9997421
2078,0.002357971,0.99764204
2079,0.00032722784,0.9996728
2080,0.0003751527,0.99962485
2081,0.00024988328,0.99975014
2082,2.9483532e-05,0.9999705
2083,0.9993193,0.00068066816
2084,0.9509479,0.04905211
2085,0.9971551,0.0028449448
2086,4.1530534e-06,0.9999958
2087,0.99328226,0.0067177373
2088,6.082209e-05,0.9999392
2089,0.99904156,0.00095845025
2090,6.396501e-06,0.9999936
2091,0.91247106,0.08752895
2092,0.00053529383,0.9994647
2093,0.9958834,0.0041165864
2094,0.98248804,0.017511943
2095,0.0006727781,0.99932724
2096,0.0005936629,0.99940634
2097,0.00010815842,0.9998918
2098,0.9834817,0.016518304
2099,0.00074027205,0.9992597
2100,0.9995,0.0005000188
2101,0.00020488184,0.99979514
2102,0.99521387,0.0047861626
2103,0.0011657743,0.99883425
2104,0.00020482833,0.9997952
2105,0.9925894,0.0074106073
2106,0.9839215,0.016078461
2107,5.9397596e-05,0.9999406
2108,0.9519481,0.04805192
2109,0.99996525,3.4756707e-05
2110,0.93549275,0.06450725
2111,0.966304,0.033696022
